<?xml version="1.0" encoding="UTF-8"?>
<project-private xmlns="http://www.netbeans.org/ns/project-private/1">
    <editor-bookmarks xmlns="http://www.netbeans.org/ns/editor-bookmarks/2" lastBookmarkId="0"/>
    <open-files xmlns="http://www.netbeans.org/ns/projectui-open-files/2">
        <group>
            <file>file:/D:/New%20folder/Rifki%20Rustandi_RPL%20XI-2/penjualanelektromart/src/penjualanelektronik/formlogin.java</file>
            <file>file:/D:/New%20folder/Rifki%20Rustandi_RPL%20XI-2/penjualanelektromart/src/penjualanelektronik/formlaporan.java</file>
            <file>file:/D:/New%20folder/Rifki%20Rustandi_RPL%20XI-2/penjualanelektromart/src/penjualanelektronik/formmenu.java</file>
            <file>file:/D:/New%20folder/Rifki%20Rustandi_RPL%20XI-2/penjualanelektromart/src/penjualanelektronik/forminputbarang.java</file>
            <file>file:/D:/New%20folder/Rifki%20Rustandi_RPL%20XI-2/penjualanelektromart/src/penjualanelektronik/formbeli.java</file>
        </group>
    </open-files>
</project-private>
